{"cameraMode":{"drawMode":0,"name":"Shaded","section":"Shading Mode"},"sceneLighting":true,"audioPlay":false,"sceneViewState":{"m_AlwaysRefresh":false,"showFog":true,"showSkybox":true,"showFlares":true,"showImageEffects":true,"showParticleSystems":true,"showVisualEffectGraphs":true,"m_FxEnabled":true},"in2DMode":false,"pivot":{"x":480.4301452636719,"y":482.3632507324219,"z":-1207.2691650390625},"rotation":{"x":0.010813146829605103,"y":0.006168387830257416,"z":0.0007580419187434018,"w":1.0001475811004639},"size":1.8800245523452759,"orthographic":false}