{"cameraMode":{"drawMode":0,"name":"Shaded","section":"Shading Mode"},"sceneLighting":true,"audioPlay":false,"sceneViewState":{"m_AlwaysRefresh":false,"showFog":true,"showSkybox":true,"showFlares":true,"showImageEffects":true,"showParticleSystems":true,"showVisualEffectGraphs":true,"m_FxEnabled":true},"in2DMode":false,"pivot":{"x":969.4699096679688,"y":531.886962890625,"z":312.48052978515627},"rotation":{"x":0.030308134853839875,"y":0.014876358211040497,"z":-0.00024610612308606505,"w":0.9996613264083862},"size":577.5055541992188,"orthographic":false}