{"cameraMode":{"drawMode":0,"name":"Shaded","section":"Shading Mode"},"sceneLighting":false,"audioPlay":false,"sceneViewState":{"m_AlwaysRefresh":false,"showFog":false,"showSkybox":false,"showFlares":false,"showImageEffects":false,"showParticleSystems":false,"showVisualEffectGraphs":true,"m_FxEnabled":true},"in2DMode":false,"pivot":{"x":-0.02441815659403801,"y":0.0379791259765625,"z":0.28060606122016909},"rotation":{"x":0.004035505000501871,"y":-0.9858632683753967,"z":0.16599571704864503,"w":0.023952055722475053},"size":0.7357133626937866,"orthographic":false}